pos,IP
546,1.185
547,1.478
548,0.655
549,0.853
550,0.351
551,1.584
552,0.853
553,1.185
554,0.567
555,0.567
556,1.668
557,0.906
558,1.282
559,1.668
560,1.118
561,0.853
562,0.736
563,0.853
564,0.993
565,1.584
566,0.993
567,1.058
568,0.523
569,0.567
570,2.628
571,1.393
572,0.853
573,0.351
574,0.993
575,1.032
576,1.584
577,1.584
578,0.853
579,1.282
580,0.853
581,1.282
582,0.655
583,1.282
584,1.478
585,1.058
586,1.282
587,1.723
588,1.723
589,1.282
590,0.853
591,1.058
592,2.628
593,0.523
594,0.655
595,0.853
596,0.853
597,0.906
598,1.282
599,1.393
600,0.853
601,1.478
602,1.393
603,0.523
604,1.169
605,1.393
606,0.655
607,0.993
608,0.993
609,0.853
610,0.906
611,1.058
612,1.668
613,2.628
614,1.282
615,1.668
616,0.993
617,0.351
618,0.853
619,1.169
620,0.993
621,0.567
622,1.185
623,1.118
624,0.906
625,1.723
626,1.393
627,1.058
628,0.853
629,1.393
630,0.567
631,0.655
632,0.853
633,0.567
634,1.393
635,0.853
636,2.628
637,1.058
638,1.118
639,0.567
640,0.567
641,0.351
642,1.032
643,0.655
644,1.185
645,0.993
646,2.628
647,0.906
648,1.185
649,0.736
650,1.393
651,1.393
652,1.169
653,1.058
654,2.628
655,0.853
656,0.655
657,1.478
658,1.058
659,0.853
660,0.655
661,0.523
662,1.478
663,0.523
664,1.478
665,0.567
666,1.185
667,1.584
668,1.668
669,0.736
670,0.351
671,1.282
672,0.567
