pos,F1,F2,F3,F4,F5,F6,K1,K3,K10
5,1.0,1.0,1.0,1.0,1.0,1.0,6.47116294226677e-11,5.214160655715388e-10,1.2926642763783932e-09
6,0.8201693503609105,0.7399795818722535,0.5107470663413501,0.42392842051112456,0.38713681809031736,0.38177031918394205,1.2559014859626142e-10,9.256835756187748e-10,2.449072799594149e-09
7,0.7286923931149362,0.6164499090061699,0.34839084466132225,0.2763416561024454,0.2752633697913172,0.2837282000658111,2.1931383806056487e-12,6.820328434437163e-10,1.6078324448009144e-09
8,0.6352720710716269,0.5065915042833681,0.2659927965609388,0.22506384464164325,0.24154532644434007,0.2500822639025995,2.94493517695413e-11,1.8904932362367965e-09,6.695291667834097e-09
9,0.5707940033314824,0.43637089972923787,0.23032415475775533,0.20588289331055137,0.21876467825270082,0.22209608423823626,1.7307970696374824e-10,1.773981516828037e-09,2.579304064467213e-08
10,0.5436563020544142,0.4084957166318967,0.2168002788428024,0.1914053170185012,0.1940213379856405,0.19368213228035538,5.668968580236534e-11,1.1158405329428305e-09,1.010030211273701e-08
11,0.5063159355913381,0.3721425717963514,0.20109213430928313,0.17948152639218065,0.17748104408508356,0.17550180980585717,2.4270412589405855e-10,5.511465758699585e-09,2.438757986018835e-07
12,0.4482926152137701,0.3175462736916863,0.1819216916463344,0.16693306876848737,0.16032006978460714,0.15737084567291873,1.3488596617736005e-09,8.027197367094168e-09,2.512453252078689e-06
13,0.3997779011660188,0.27382484797372275,0.16784013012664112,0.15320876738503372,0.14198483526806685,0.13966765383349786,2.576858124830491e-10,3.5011850141240317e-09,1.7555693230381995e-06
14,0.36590782898389784,0.24515069466021575,0.1579179737423028,0.1419463888735784,0.12975575387505872,0.12903915761763737,2.915886817174728e-09,6.58643928111198e-09,3.912294526853514e-06
15,0.31482509716823986,0.20569044342846998,0.1441617288253747,0.12741369490528948,0.11687244179024357,0.11854228364593616,1.042301436068512e-11,5.54718272063543e-08,0.00011676565457319127
16,0.27130760688506383,0.1743086688268454,0.1334495178343209,0.11477337448786494,0.10823324162920217,0.11220796314577164,3.949250498949651e-09,3.12669487650065e-08,7.824225957177531e-06
17,0.2392420877290394,0.153047183629988,0.12717555478099224,0.10621176211210935,0.10553244313225525,0.11196117143797302,5.533335499309513e-10,4.268620919950629e-08,5.8344722852061325e-05
19,0.14443364797334815,0.10142483021882907,0.09929127454397585,0.07857943375773944,0.09563510702543113,0.1031260282987825,1.5955761446540055e-09,7.818898037185417e-07,0.012971079487678
20,0.11722654081066074,0.09143770251675618,0.09297083769025213,0.07383931360120524,0.096373213446957,0.10269825600526489,1.6193460015687127e-07,3.552397034374859e-05,0.09070913073007968
21,0.08988062187673515,0.08486839185050381,0.08572092482862786,0.07016480185195392,0.09645708917667584,0.10070746956235603,2.5935428553517096e-06,0.00021070362296862004,0.2028190527604055
22,0.06593559133814547,0.07856540458964002,0.07568258394330196,0.06435907328813684,0.08848889485338522,0.09073708456729186,3.427239772453718e-06,0.0012414578706372982,0.46957527210942684
23,0.048098278734036645,0.0752363620222824,0.068084117578715,0.060574326186407984,0.0808058780111387,0.08127673576834485,0.00016560713667341118,0.011667427841957146,0.6984900824214924
24,0.03852026651860078,0.07838785565271429,0.06641106076449402,0.06248507229601867,0.07949741662752466,0.0786771964461994,0.0009882185553431793,0.032912305496765916,0.49164705193656616
25,0.026027207107162685,0.0806959918327489,0.061298942721041014,0.0614562090062283,0.07226732872575992,0.07091148404080289,0.001701554465698853,0.07698724475474761,0.5442790538884038
26,0.014367018323153803,0.07940876204003729,0.05370047635645405,0.0561649120873064,0.06050795141917735,0.059493254359986834,0.011856519677100939,0.23679269578279474,0.764694298530401
27,0.009230982787340365,0.08269341737316348,0.052306262344603234,0.05730401072957431,0.0578239280681742,0.05778216518591642,0.0485783059526582,0.335547117022205,0.6364245916851632
28,0.006107717934480844,0.09050557059789605,0.05390960845823168,0.061897150416138455,0.059014963430181845,0.060908193484698905,0.05227922583955386,0.26098855808659616,0.5188494757512634
29,0.001804553026096613,0.09308003018331928,0.05133031253630766,0.059067776369214946,0.05409984566865732,0.057634090161237245,0.18846611856695777,0.43972954360706273,0.6802590551920131
30,6.94058856191005e-05,0.09161525145368192,0.048588358313001054,0.054346028771426996,0.04988928403677112,0.05422836459361632,0.5362464724957523,0.5647386387784485,0.8452008593658796
31,0.0,0.10027076212881175,0.052654815847565935,0.06108875783130317,0.0578742535060055,0.0671931556433037,0.3016471517346592,0.2167226788651211,0.743899589500564
32,0.000277623542476402,0.1083048515247015,0.05669803648193331,0.06586562310532988,0.0655740454941958,0.07823297137216188,0.33598363854844854,0.2535227569322617,0.38483910216512146
33,0.0028456413103831206,0.10648497492121267,0.05681422098292088,0.06000477686527403,0.0654062940347581,0.0748930569266206,1.0,1.0,1.0
34,0.0049278178789561354,0.10648497492121267,0.05760427558963635,0.06013338477649782,0.06876132322351204,0.0805528134254689,0.33110240127242185,0.3939912264943586,0.5634921890330266
35,0.004511382565241532,0.11949043455102312,0.06455210874869292,0.0720388028440721,0.08738173522109643,0.11006910167818361,0.012630491669946644,0.018676984373759965,0.06226572790964126
36,0.0068711826762909494,0.12370722180300946,0.06861856628325783,0.07325139172132503,0.09576930819298128,0.11724251398486343,0.006618251667724424,0.008131925031648344,0.0216356837983145
37,0.01131315935591338,0.1136313196324737,0.06557453235738353,0.06316485696963016,0.0839092800107361,0.09473511023362947,0.005203984304945138,0.007197705994024122,0.07122139522470053
38,0.012978900610771794,0.10590794087620402,0.06334378993842223,0.05548512741369491,0.07162987317989666,0.0728035538005923,0.018327120365097795,0.02070018338475657,0.4769832981930116
39,0.022765130483064965,0.08944027697634162,0.061066573719065875,0.048283084385162316,0.057236797960142256,0.059493254359986834,0.0006964222034767147,0.002074024127662971,0.8493353712851607
40,0.02963631315935591,0.08544542589551246,0.06608574416172883,0.0546032445938746,0.061178957256928145,0.08145771635406383,0.00014500025205165486,0.0022841879209775243,0.1911225969205736
41,0.0419905607995558,0.08362554929202362,0.07328918322295806,0.06630656451524004,0.07020398577467624,0.11062849621586048,6.198928567128341e-06,0.00658189054627446,0.03213753207652558
42,0.04546085508051083,0.07647920458076259,0.06845590798187522,0.06489187749177829,0.06497014024022009,0.10245146429746627,7.801064413989767e-06,0.024966120890797885,0.11345835138742037
43,0.042754025541365905,0.07235119179723912,0.060950389218078306,0.05570559811864999,0.05500570354962089,0.07681803224744982,0.0002182665865940693,0.33898890248816554,0.7402182387655946
44,0.05392837312604109,0.07275067690532203,0.06385500174276752,0.060905032243840605,0.058629135073475135,0.0793188548864758,0.00011143415164310751,0.6408020771478773,0.9034631559402425
45,0.0695446973903387,0.07124151094145324,0.06641106076449402,0.07027503720443147,0.06503724082399517,0.08815399802566634,3.7004284861044746e-05,0.28037933248277624,0.31375470599637545
46,0.07426429761243752,0.06737982156331838,0.06136865342163356,0.06702309430634405,0.06126283298664699,0.07670286278381046,3.340113203449173e-05,0.2486336426086694,0.5742661848332233
47,0.084952803997779,0.06733543432908695,0.05851051469733939,0.06494699516801705,0.0594846675166074,0.0663211582757486,0.00014340560087803622,0.2647897152473314,0.7270477256161467
48,0.10508051082731816,0.0737271960584136,0.06250726153131173,0.07303092101636996,0.06798966651009863,0.07170121750575847,1.560602733728069e-05,0.08739436599878951,0.4943730873929818
49,0.12291782343142699,0.08051844289582316,0.06422679214592773,0.07769755093791912,0.07471650003355029,0.07520565975649884,3.6368642868334013e-06,0.028352379559715316,0.40556901031946213
50,0.13520266518600776,0.08659949398552977,0.06304171023585455,0.07484980433224935,0.0745990740119439,0.07319842053307009,8.877748958553834e-07,0.02354492311098561,0.6541224651148263
51,0.155399777901166,0.09996005148919172,0.06715464157081445,0.07745870767421778,0.07993357042206267,0.0793024021059559,3.4733183504013476e-06,0.00454847676915859,0.46808993521763415
52,0.1808023320377568,0.11984553242487461,0.0750319507377716,0.0838891032354076,0.08937797758840503,0.09126357354392892,9.792180648011891e-09,0.0003744837687322965,0.3366657300843688
53,0.20412270960577453,0.14310444316214657,0.08265365400255607,0.08556100608131695,0.09311883513386568,0.09986837775584073,1.064929295328211e-07,0.0004098865913248518,0.5741413868522195
54,0.2234175458078845,0.16516489857516978,0.09094922737306844,0.08754524242591266,0.09568543246326243,0.10784797630799604,2.4858563242660864e-07,6.267285771208111e-05,0.4361699550342918
55,0.2535397001665741,0.19983132850992055,0.10672708260718021,0.09618034503665325,0.10408978058109107,0.12211253701875616,4.419949227518089e-08,1.053007717510885e-06,0.22244220820349714
56,0.28178789561354806,0.2378711882462604,0.12494481236203091,0.10599129140715427,0.11120244246124943,0.1320335636722606,4.412158781993535e-09,4.667066682846199e-06,0.1706038102665944
57,0.3053858967240422,0.275689111811443,0.14439409782734983,0.1169413364199232,0.11729182043883783,0.1374136229022705,2.86818009319932e-08,2.6062160264057105e-07,0.06449846087340638
58,0.3385619100499722,0.32850992054685074,0.17390496107819217,0.13764721012695438,0.13123196671811044,0.1468575189206976,4.451378806775617e-08,5.1861520948770476e-08,0.01836615236141383
59,0.366046640755136,0.37240889520174,0.1994655512954572,0.15793051498282168,0.1472019056565792,0.15914774596906878,5.6747107603914564e-09,6.203646850450475e-08,0.006290746253525256
60,0.3939478067740144,0.425052155000222,0.2325084233763216,0.18701427547814586,0.17107293833456352,0.17474498190194143,4.83270434508858e-09,7.732781761391852e-09,0.0013203495924103616
61,0.4111604664075514,0.46029561897998134,0.25627977227837806,0.210512778114608,0.19244447426692612,0.19063836788417243,1.144805203031603e-08,1.3146361749039188e-08,0.0004885612803492988
62,0.448223209328151,0.5308269341737316,0.30426397118624376,0.26066986349188853,0.2430215392873918,0.2389766370516617,5.693063646192815e-09,5.695674151232309e-09,2.125241393140587e-05
63,0.48223209328151023,0.6023791557548049,0.3564075752294644,0.32201583714563925,0.31424880896463797,0.3258473181967752,2.3915667445182696e-09,1.9366622721190123e-09,7.159332404167211e-07
64,0.5233203775680177,0.7005637178747393,0.4358777739049611,0.4318837384482537,0.4684962759176005,0.5838927278710102,2.989786165151091e-09,2.928398813522768e-09,2.1310970858629443e-07
